ecg;frecuencia;tiempo
1023.0;0;1.437309980392456
1023.0;0;1.4408509731292725
1023.0;0;1.4408509731292725
1023.0;0;1.4565083980560303
1023.0;0;1.472158670425415
1023.0;0;1.4784011840820312
1023.0;0;1.4879438877105713
1023.0;0;1.4900476932525635
1023.0;0;1.4988117218017578
1023.0;0;1.503852367401123
1023.0;0;1.5120306015014648
1023.0;0;1.519563913345337
1023.0;0;1.5259811878204346
1023.0;0;1.5373685359954834
1023.0;0;1.5373685359954834
1023.0;0;1.5463604927062988
1023.0;0;1.553415298461914
1023.0;0;1.553415298461914
1023.0;0;1.5686156749725342
1023.0;0;1.5686156749725342
1023.0;0;1.586421251296997
1023.0;0;1.5869417190551758
1023.0;0;1.6014301776885986
1023.0;0;1.6060576438903809
1023.0;0;1.6163475513458252
1023.0;0;1.6325669288635254
1023.0;0;1.6374766826629639
1023.0;0;1.648615837097168
1023.0;0;1.6517679691314697
1023.0;0;1.6623477935791016
1023.0;0;1.6649870872497559
1023.0;0;1.6649870872497559
1023.0;0;1.6780140399932861
1023.0;0;1.6780140399932861
1023.0;0;1.696908712387085
1023.0;0;1.696908712387085
1023.0;0;1.711550235748291
1023.0;0;1.7157971858978271
1023.0;0;1.7257392406463623
1023.0;0;1.7257392406463623
1023.0;0;1.7417924404144287
1023.0;0;1.7417924404144287
1023.0;0;1.7417924404144287
1023.0;0;1.7574448585510254
1023.0;0;1.7574448585510254
1023.0;0;1.7745471000671387
1023.0;0;1.7745471000671387
1023.0;0;1.7890942096710205
1023.0;0;1.7985715866088867
1023.0;0;1.8061833381652832
1023.0;0;1.811859130859375
1023.0;0;1.8208649158477783
1023.0;0;1.8208649158477783
1023.0;0;1.8323369026184082
1023.0;0;1.838444709777832
1023.0;0;1.8455190658569336
1023.0;0;1.8545281887054443
1023.0;0;1.8619136810302734
1023.0;0;1.8685059547424316
1023.0;0;1.8685059547424316
1023.0;0;1.88472580909729
1023.0;0;1.8919141292572021
1023.0;0;1.9007432460784912
1023.0;0;1.9033825397491455
1023.0;0;1.9104957580566406
1023.0;0;1.9179925918579102
1023.0;0;1.9247891902923584
1023.0;0;1.9313151836395264
1023.0;0;1.9378390312194824
1023.0;0;1.9473662376403809
1023.0;0;1.9473662376403809
1023.0;0;1.9630305767059326
1023.0;0;1.9630305767059326
1023.0;0;1.9786570072174072
1023.0;0;1.9786570072174072
1023.0;0;1.9979405403137207
1023.0;0;2.0026533603668213
1023.0;0;2.010688543319702
1023.0;0;2.02036452293396
1023.0;0;2.0276856422424316
1023.0;0;2.039062261581421
1023.0;0;2.0453391075134277
1023.0;0;2.0516750812530518
1023.0;0;2.061790943145752
1023.0;0;2.068080186843872
1023.0;0;2.074795961380005
1023.0;0;2.074795961380005
1023.0;0;2.0903823375701904
1023.0;0;2.0948054790496826
1023.0;0;2.106384038925171
1023.0;0;2.106384038925171
1023.0;0;2.122032880783081
1023.0;0;2.122032880783081
1023.0;0;2.1381821632385254
1023.0;0;2.1471121311187744
1023.0;0;2.1537060737609863
1023.0;0;2.1623528003692627
1023.0;0;2.1703035831451416
1023.0;0;2.1740918159484863
1023.0;0;2.186870574951172
1023.0;0;2.19512677192688
1023.0;0;2.20334529876709
1023.0;0;2.2132887840270996
1023.0;0;2.2198517322540283
1023.0;0;2.227912664413452
1023.0;0;2.23836088180542
1023.0;0;2.2447636127471924
1023.0;0;2.2447636127471924
1023.0;0;2.2621071338653564
1023.0;0;2.2761764526367188
1023.0;0;2.28519606590271
1023.0;0;2.292288303375244
1023.0;0;2.292288303375244
1023.0;0;2.3080081939697266
1023.0;0;2.3179686069488525
1023.0;0;2.3258633613586426
1023.0;0;2.338438034057617
1023.0;0;2.342050075531006
1023.0;0;2.356081485748291
1023.0;0;2.3618242740631104
1023.0;0;2.371904134750366
1023.0;0;2.374272108078003
1023.0;0;2.387824535369873
1023.0;0;2.391815423965454
1023.0;0;2.405229091644287
1023.0;0;2.413846254348755
1023.0;0;2.4202301502227783
1023.0;0;2.434757947921753
1023.0;0;2.43880033493042
1023.0;0;2.4508273601531982
1020.0;0;2.4508273601531982
1009.0;0;2.4664933681488037
1006.0;0;2.4664933681488037
1001.0;0;2.482139825820923
987.0;0;2.4977433681488037
981.0;0;2.4977433681488037
967.0;0;2.5133657455444336
861.0;0;2.5133657455444336
444.0;0;2.5289838314056396
324.0;0;2.5390241146087646
317.0;0;2.5450568199157715
307.0;0;2.5450568199157715
303.0;0;2.560720682144165
304.0;0;2.560720682144165
305.0;0;2.560720682144165
298.0;0;2.576334238052368
290.0;0;2.576334238052368
261.0;0;2.576334238052368
230.0;0;2.576334238052368
189.0;0;2.595872640609741
184.0;0;2.595872640609741
187.0;0;2.595872640609741
189.0;0;2.60796856880188
181.0;0;2.614408254623413
179.0;0;2.614408254623413
184.0;0;2.6240270137786865
182.0;0;2.6278469562530518
174.0;0;2.6278469562530518
173.0;0;2.637657403945923
176.0;0;2.6392228603363037
172.0;0;2.6456212997436523
163.0;0;2.6456212997436523
161.0;0;2.6573984622955322
163.0;0;2.6573984622955322
158.0;0;2.6648547649383545
153.0;0;2.6648547649383545
156.0;0;2.674715042114258
161.0;0;2.6792333126068115
157.0;0;2.6792333126068115
154.0;0;2.6792333126068115
159.0;0;2.6792333126068115
163.0;0;2.6960647106170654
159.0;0;2.6960647106170654
157.0;0;2.6960647106170654
162.0;0;2.7124555110931396
164.0;0;2.7124555110931396
160.0;0;2.7124555110931396
166.0;0;2.7265329360961914
174.0;0;2.7265329360961914
174.0;0;2.7265329360961914
168.0;0;2.7395896911621094
169.0;0;2.742602825164795
175.0;0;2.749732255935669
176.0;0;2.749732255935669
173.0;0;2.758265733718872
177.0;0;2.758265733718872
184.0;0;2.758265733718872
183.0;0;2.773927688598633
180.0;0;2.776951551437378
184.0;0;2.776951551437378
189.0;0;2.776951551437378
186.0;0;2.7981982231140137
183.0;0;2.7981982231140137
186.0;0;2.8057544231414795
191.0;0;2.8057544231414795
186.0;0;2.821458101272583
184.0;0;2.821458101272583
188.0;0;2.837094306945801
191.0;0;2.8396198749542236
186.0;0;2.8531436920166016
185.0;0;2.8531436920166016
191.0;0;2.870607614517212
193.0;0;2.8845672607421875
189.0;0;2.8845672607421875
189.0;0;2.9026119709014893
197.0;0;2.9026119709014893
198.0;0;2.9180521965026855
193.0;0;2.9321091175079346
204.0;0;2.942826271057129
207.0;0;2.951270341873169
201.0;0;2.951270341873169
193.0;0;2.9648468494415283
193.0;0;2.9793996810913086
199.0;0;2.9793996810913086
194.0;0;2.9969115257263184
191.0;0;2.9969115257263184
195.0;0;3.010941982269287
201.0;0;3.0266833305358887
196.0;0;3.029106855392456
193.0;0;3.0452091693878174
198.0;0;3.0452091693878174
202.0;0;3.0587918758392334
199.0;0;3.074599266052246
200.0;0;3.074599266052246
210.0;0;3.0902624130249023
219.0;0;3.1059253215789795
216.0;0;3.1059253215789795
218.0;0;3.1215641498565674
224.0;0;3.1371910572052
226.0;0;3.146042823791504
220.0;0;3.1529688835144043
220.0;0;3.1529688835144043
226.0;0;3.1686289310455322
225.0;0;3.184325933456421
218.0;0;3.184325933456421
220.0;0;3.2022926807403564
226.0;0;3.2022926807403564
221.0;0;3.2235045433044434
216.0;0;3.23232364654541
219.0;0;3.2481584548950195
224.0;0;3.2481584548950195
218.0;0;3.2638120651245117
213.0;0;3.2638120651245117
216.0;0;3.2821133136749268
221.0;0;3.299238681793213
215.0;0;3.299238681793213
211.0;0;3.313887119293213
216.0;0;3.327913761138916
218.0;0;3.34397029876709
210.0;0;3.34397029876709
209.0;0;3.359649419784546
214.0;0;3.375248670578003
215.0;0;3.375248670578003
207.0;0;3.392246723175049
206.0;0;3.4067795276641846
212.0;0;3.422440528869629
213.0;0;3.422440528869629
206.0;0;3.4405980110168457
209.0;0;3.4405980110168457
217.0;0;3.454453706741333
215.0;0;3.470841884613037
209.0;0;3.470841884613037
213.0;0;3.485410451889038
219.0;0;3.485410451889038
215.0;0;3.5010831356048584
210.0;0;3.5010831356048584
215.0;0;3.516695022583008
221.0;0;3.51894211769104
215.0;0;3.51894211769104
211.0;0;3.51894211769104
217.0;0;3.532475709915161
221.0;0;3.532475709915161
214.0;0;3.541001558303833
212.0;0;3.541001558303833
220.0;0;3.5483193397521973
222.0;0;3.5483193397521973
215.0;0;3.557192802429199
215.0;0;3.557192802429199
223.0;0;3.5642282962799072
266.0;0;3.5642282962799072
261.0;0;3.5642282962799072
262.0;0;3.579881429672241
271.0;0;3.579881429672241
269.0;0;3.586887836456299
263.0;0;3.586887836456299
266.0;0;3.5959115028381348
274.0;0;3.5988996028900146
271.0;0;3.5988996028900146
265.0;0;3.5988996028900146
270.0;0;3.611923933029175
277.0;0;3.6177079677581787
270.0;0;3.6177079677581787
266.0;0;3.627763032913208
273.0;0;3.627763032913208
278.0;0;3.627763032913208
271.0;0;3.6455600261688232
269.0;0;3.6474623680114746
276.0;0;3.6474623680114746
279.0;0;3.6611781120300293
271.0;0;3.6633870601654053
270.0;0;3.6633870601654053
279.0;0;3.675401449203491
281.0;0;3.678325891494751
273.0;0;3.678325891494751
276.0;0;3.6913390159606934
286.0;0;3.6913390159606934
288.0;0;3.6913390159606934
284.0;0;3.706981897354126
289.0;0;3.706981897354126
297.0;0;3.706981897354126
294.0;0;3.7230734825134277
287.0;0;3.7230734825134277
290.0;0;3.7332687377929688
297.0;0;3.7416326999664307
291.0;0;3.7416326999664307
285.0;0;3.7416326999664307
291.0;0;3.7546703815460205
297.0;0;3.7546703815460205
290.0;0;3.770373821258545
288.0;0;3.770373821258545
296.0;0;3.770373821258545
300.0;0;3.787876844406128
293.0;0;3.787876844406128
292.0;0;3.801955223083496
301.0;0;3.801955223083496
302.0;0;3.801955223083496
294.0;0;3.817613124847412
294.0;0;3.817613124847412
303.0;0;3.835590362548828
302.0;0;3.841667413711548
294.0;0;3.849701166152954
295.0;0;3.849701166152954
302.0;0;3.8653676509857178
299.0;0;3.8653676509857178
292.0;0;3.880988836288452
295.0;0;3.880988836288452
303.0;0;3.880988836288452
296.0;0;3.8985040187835693
292.0;0;3.8985040187835693
297.0;0;3.91729736328125
303.0;0;3.91729736328125
295.0;0;3.9283318519592285
291.0;0;3.9283318519592285
298.0;0;3.9419095516204834
303.0;0;3.94447922706604
295.0;0;3.94447922706604
292.0;0;3.960139751434326
300.0;0;3.960139751434326
302.0;0;3.9771785736083984
294.0;0;3.9820613861083984
293.0;0;3.9918856620788574
302.0;0;3.9918856620788574
286.0;0;3.999589681625366
278.0;0;4.007659196853638
280.0;0;4.007659196853638
287.0;0;4.007659196853638
282.0;0;4.02331805229187
268.0;0;4.02331805229187
259.0;0;4.02331805229187
267.0;0;4.043832540512085
263.0;0;4.055071830749512
257.0;0;4.055071830749512
267.0;0;4.055071830749512
280.0;0;4.070718050003052
289.0;0;4.070718050003052
290.0;0;4.070718050003052
293.0;0;4.086344003677368
293.0;0;4.086344003677368
285.0;0;4.101968288421631
281.0;0;4.101968288421631
290.0;0;4.101968288421631
297.0;0;4.117596864700317
289.0;0;4.117596864700317
287.0;0;4.117596864700317
290.0;0;4.133221626281738
288.0;0;4.138060569763184
279.0;0;4.142147064208984
280.0;0;4.149158954620361
289.0;0;4.149158954620361
286.0;0;4.1648781299591064
275.0;0;4.1648781299591064
277.0;0;4.1648781299591064
284.0;0;4.1822190284729
281.0;0;4.1856865882873535
280.0;0;4.1856865882873535
287.0;0;4.197231769561768
296.0;0;4.197231769561768
291.0;0;4.2122626304626465
287.0;0;4.214075565338135
296.0;0;4.214075565338135
302.0;0;4.229940891265869
296.0;0;4.229940891265869
295.0;0;4.2441182136535645
303.0;0;4.259840250015259
309.0;0;4.259840250015259
302.0;0;4.275427341461182
303.0;0;4.293175220489502
315.0;0;4.293175220489502
323.0;0;4.3072285652160645
316.0;0;4.323133945465088
317.0;0;4.338873863220215
336.0;0;4.342953443527222
340.0;0;4.356668710708618
332.0;0;4.372698545455933
332.0;0;4.386796474456787
338.0;0;4.386796474456787
336.0;0;4.402514934539795
329.0;0;4.418368577957153
332.0;0;4.418368577957153
340.0;0;4.4433112144470215
335.0;0;4.449897050857544
329.0;0;4.465553045272827
336.0;0;4.4812092781066895
343.0;0;4.4836766719818115
335.0;0;4.504639148712158
332.0;0;4.513344764709473
339.0;0;4.529072046279907
343.0;0;4.529072046279907
336.0;0;4.545222282409668
334.0;0;4.560880899429321
341.0;0;4.578621864318848
343.0;0;4.578621864318848
335.0;0;4.592660665512085
334.0;0;4.6021552085876465
342.0;0;4.610518455505371
341.0;0;4.610518455505371
333.0;0;4.624549627304077
334.0;0;4.624549627304077
341.0;0;4.640259742736816
337.0;0;4.643821477890015
328.0;0;4.6584508419036865
331.0;0;4.664782762527466
337.0;0;4.664782762527466
332.0;0;4.680423021316528
326.0;0;4.681600332260132
332.0;0;4.681600332260132
339.0;0;4.696159362792969
333.0;0;4.696159362792969
329.0;0;4.696159362792969
336.0;0;4.712156057357788
342.0;0;4.712156057357788
334.0;0;4.712156057357788
332.0;0;4.712156057357788
339.0;0;4.727798938751221
342.0;0;4.727798938751221
334.0;0;4.727798938751221
332.0;0;4.745514392852783
341.0;0;4.749544858932495
342.0;0;4.749544858932495
334.0;0;4.761291742324829
335.0;0;4.761291742324829
344.0;0;4.761291742324829
343.0;0;4.775307655334473
335.0;0;4.775307655334473
338.0;0;4.791005849838257
346.0;0;4.793042182922363
342.0;0;4.793042182922363
336.0;0;4.807111978530884
340.0;0;4.807111978530884
346.0;0;4.822812557220459
338.0;0;4.822812557220459
333.0;0;4.822812557220459
337.0;0;4.8384387493133545
341.0;0;4.843953371047974
326.0;0;4.854526519775391
321.0;0;4.854526519775391
325.0;0;4.854526519775391
327.0;0;4.870191812515259
321.0;0;4.870191812515259
319.0;0;4.8887107372283936
327.0;0;4.894751071929932
329.0;0;4.901631116867065
321.0;0;4.901631116867065
326.0;0;4.91921329498291
336.0;0;4.922716856002808
334.0;0;4.934820175170898
323.0;0;4.949409008026123
320.0;0;4.9650654792785645
319.0;0;4.980718374252319
307.0;0;4.996344089508057
295.0;0;5.000662326812744
294.0;0;5.0256147384643555
300.0;0;5.034523963928223
293.0;0;5.044131278991699
287.0;0;5.059820175170898
293.0;0;5.0769994258880615
298.0;0;5.091548442840576
291.0;0;5.107295513153076
287.0;0;5.107295513153076
298.0;0;5.1230082511901855
303.0;0;5.14417028427124
299.0;0;5.154721975326538
301.0;0;5.170454740524292
313.0;0;5.170454740524292
319.0;0;5.188011169433594
312.0;0;5.2020583152771
312.0;0;5.21778130531311
320.0;0;5.2334113121032715
319.0;0;5.244498014450073
310.0;0;5.2495458126068115
310.0;0;5.265249967575073
317.0;0;5.280938386917114
313.0;0;5.298966884613037
306.0;0;5.312698602676392
310.0;0;5.312698602676392
318.0;0;5.328348636627197
315.0;0;5.328348636627197
321.0;0;5.34449028968811
360.0;0;5.34449028968811
382.0;0;5.360008955001831
384.0;0;5.360008955001831
384.0;0;5.3756608963012695
391.0;0;5.3756608963012695
397.0;0;5.39128303527832
392.0;0;5.39128303527832
391.0;0;5.4069037437438965
399.0;0;5.4069037437438965
402.0;0;5.422524452209473
382.0;0;5.422524452209473
370.0;0;5.422524452209473
378.0;0;5.438149452209473
369.0;0;5.444667339324951
355.0;0;5.444667339324951
331.0;0;5.4541802406311035
328.0;0;5.4541802406311035
322.0;0;5.4541802406311035
313.0;0;5.469822883605957
314.0;0;5.469822883605957
321.0;0;5.485501289367676
315.0;0;5.485501289367676
309.0;0;5.485501289367676
312.0;0;5.501103401184082
316.0;0;5.501103401184082
311.0;0;5.525630950927734
308.0;0;5.533204555511475
315.0;0;5.533348560333252
320.0;0;5.544950246810913
315.0;0;5.549004316329956
313.0;0;5.549004316329956
320.0;0;5.564703464508057
334.0;0;5.564703464508057
331.0;0;5.580317258834839
329.0;0;5.580317258834839
335.0;0;5.596090316772461
336.0;0;5.596090316772461
327.0;0;5.596090316772461
329.0;0;5.613530397415161
335.0;0;5.613530397415161
334.0;0;5.627557992935181
328.0;0;5.627557992935181
331.0;0;5.6452624797821045
338.0;0;5.6452624797821045
335.0;0;5.65928053855896
330.0;0;5.667713642120361
335.0;0;5.675238132476807
340.0;0;5.685253620147705
335.0;0;5.69126033782959
333.0;0;5.69126033782959
341.0;0;5.7069480419158936
344.0;0;5.709901571273804
334.0;0;5.709901571273804
327.0;0;5.722918510437012
328.0;0;5.722918510437012
329.0;0;5.7385663986206055
324.0;0;5.745616436004639
322.0;0;5.745616436004639
328.0;0;5.754637002944946
330.0;0;5.760404825210571
322.0;0;5.760404825210571
321.0;0;5.7724525928497314
329.0;0;5.7724525928497314
328.0;0;5.786481857299805
321.0;0;5.786481857299805
322.0;0;5.802142381668091
328.0;0;5.802142381668091
325.0;0;5.819581508636475
316.0;0;5.819581508636475
309.0;0;5.83361029624939
299.0;0;5.83361029624939
287.0;0;5.8497560024261475
281.0;0;5.8497560024261475
287.0;0;5.865451097488403
292.0;0;5.865451097488403
285.0;0;5.8746726512908936
280.0;0;5.912508964538574
285.0;0;5.912508964538574
289.0;0;5.929843902587891
281.0;0;5.931607961654663
279.0;0;5.931607961654663
286.0;0;5.947829961776733
290.0;0;5.947829961776733
282.0;0;5.959847927093506
281.0;0;5.959847927093506
288.0;0;5.975496292114258
287.0;0;5.975496292114258
279.0;0;5.975496292114258
280.0;0;5.99763035774231
288.0;0;5.99763035774231
286.0;0;6.007200717926025
279.0;0;6.0187249183654785
283.0;0;6.024223566055298
291.0;0;6.031275272369385
287.0;0;6.038830518722534
282.0;0;6.049384117126465
284.0;0;6.054908514022827
289.0;0;6.054908514022827
282.0;0;6.070552110671997
278.0;0;6.070552110671997
283.0;0;6.08618950843811
287.0;0;6.08618950843811
280.0;0;6.101809740066528
279.0;0;6.101809740066528
285.0;0;6.117480993270874
287.0;0;6.117480993270874
278.0;0;6.1330955028533936
273.0;0;6.138063907623291
279.0;0;6.146083354949951
278.0;0;6.149133205413818
265.0;0;6.149133205413818
267.0;0;6.1647820472717285
276.0;0;6.1647820472717285
276.0;0;6.1647820472717285
272.0;0;6.180417776107788
278.0;0;6.1866021156311035
287.0;0;6.19611930847168
285.0;0;6.19611930847168
283.0;0;6.19611930847168
290.0;0;6.213193893432617
302.0;0;6.213193893432617
300.0;0;6.227455139160156
297.0;0;6.230886936187744
302.0;0;6.243401050567627
305.0;0;6.246412754058838
298.0;0;6.259035348892212
295.0;0;6.259035348892212
301.0;0;6.274730920791626
303.0;0;6.274730920791626
295.0;0;6.285991191864014
301.0;0;6.2931928634643555
315.0;0;6.2931928634643555
329.0;0;6.307676553726196
330.0;0;6.314423084259033
325.0;0;6.323047161102295
331.0;0;6.3377909660339355
328.0;0;6.3464436531066895
328.0;0;6.357383728027344
323.0;0;6.367034673690796
324.0;0;6.3695969581604
317.0;0;6.385241508483887
309.0;0;6.401169538497925
312.0;0;6.401169538497925
319.0;0;6.417870998382568
314.0;0;6.432895660400391
310.0;0;6.448946475982666
316.0;0;6.464608907699585
320.0;0;6.480229616165161
313.0;0;6.497190237045288
311.0;0;6.51350736618042
321.0;0;6.533426761627197
329.0;0;6.547764778137207
330.0;0;6.562102317810059
334.0;0;6.580756664276123
344.0;0;6.591614484786987
345.0;0;6.607330083847046
336.0;0;6.622958421707153
334.0;0;6.638159513473511
339.0;0;6.638159513473511
337.0;0;6.646729946136475
329.0;0;6.655564069747925
329.0;0;6.665379285812378
335.0;0;6.671767711639404
330.0;0;6.678323745727539
322.0;0;6.687074661254883
324.0;0;6.697563409805298
329.0;0;6.697563409805298
323.0;0;6.71421217918396
316.0;0;6.714741468429565
317.0;0;6.729076147079468
320.0;0;6.730886459350586
312.0;0;6.740454196929932
303.0;0;6.748604774475098
299.0;0;6.756398916244507
291.0;0;6.764697313308716
278.0;0;6.772218942642212
275.0;0;6.772218942642212
281.0;0;6.787936210632324
282.0;0;6.791604518890381
274.0;0;6.791604518890381
272.0;0;6.8053038120269775
253.0;0;6.8099353313446045
245.0;0;6.819640159606934
258.0;0;6.825345516204834
261.0;0;6.835355997085571
271.0;0;6.84083890914917
272.0;0;6.851363658905029
267.0;0;6.851363658905029
270.0;0;6.87516975402832
277.0;0;6.883071422576904
273.0;0;6.88797664642334
269.0;0;6.898996114730835
273.0;0;6.914651870727539
279.0;0;6.9386444091796875
273.0;0;6.951487302780151
270.0;0;6.967219352722168
275.0;0;6.978298902511597
279.0;0;6.996519088745117
273.0;0;7.010599136352539
270.0;0;7.029791831970215
277.0;0;7.047407388687134
280.0;0;7.060102224349976
276.0;0;7.0786192417144775
278.0;0;7.0818727016448975
287.0;0;7.093946218490601
290.0;0;7.098801136016846
284.0;0;7.106980085372925
286.0;0;7.116661548614502
293.0;0;7.121382713317871
293.0;0;7.126049995422363
286.0;0;7.1371049880981445
289.0;0;7.140235662460327
296.0;0;7.149384260177612
292.0;0;7.1548261642456055
286.0;0;7.160006761550903
291.0;0;7.1709372997283936
298.0;0;7.1709372997283936
292.0;0;7.187220811843872
288.0;0;7.187220811843872
294.0;0;7.2012856006622314
304.0;0;7.209151029586792
298.0;0;7.217012166976929
295.0;0;7.232220649719238
302.0;0;7.232220649719238
305.0;0;7.247804641723633
298.0;0;7.265835285186768
297.0;0;7.279257297515869
304.0;0;7.301283597946167
304.0;0;7.328247785568237
298.0;0;7.34412407875061
308.0;0;7.351172685623169
335.0;0;7.360164165496826
328.0;0;7.364568710327148
319.0;0;7.374580144882202
320.0;0;7.374580144882202
328.0;0;7.390271425247192
323.0;0;7.393748998641968
315.0;0;7.393748998641968
318.0;0;7.407860994338989
218.0;0;7.407860994338989
112.0;0;7.422409296035767
106.0;0;7.422409296035767
109.0;0;7.438090085983276
108.0;0;7.448152542114258
107.0;0;7.457635164260864
107.0;0;7.486114263534546
109.0;0;7.50217604637146
109.0;0;7.5123279094696045
106.0;0;7.517500638961792
104.0;0;7.517500638961792
109.0;0;7.5331947803497314
108.0;0;7.5331947803497314
105.0;0;7.549227952957153
106.0;0;7.565090894699097
108.0;0;7.565090894699097
106.0;0;7.565090894699097
104.0;0;7.580735445022583
106.0;0;7.580735445022583
110.0;0;7.596358299255371
109.0;0;7.612675428390503
105.0;0;7.621582984924316
104.0;0;7.628130912780762
105.0;0;7.628130912780762
104.0;0;7.648280143737793
102.0;0;7.648280143737793
101.0;0;7.6592934131622314
101.0;0;7.6753950119018555
98.0;0;7.6753950119018555
98.0;0;7.691492795944214
97.0;0;7.691492795944214
98.0;0;7.7078001499176025
97.0;0;7.7078001499176025
96.0;0;7.725096702575684
95.0;0;7.725096702575684
95.0;0;7.739148378372192
99.0;0;7.749763488769531
99.0;0;7.755150556564331
96.0;0;7.755150556564331
95.0;0;7.770794630050659
101.0;0;7.78641939163208
105.0;0;7.78641939163208
100.0;0;7.8020408153533936
100.0;0;7.8020408153533936
104.0;0;7.81766939163208
102.0;0;7.833293914794922
99.0;0;7.839144468307495
103.0;0;7.849225044250488
105.0;0;7.849225044250488
103.0;0;7.866998195648193
103.0;0;7.880735874176025
101.0;0;7.896492004394531
105.0;0;7.91220498085022
105.0;0;7.927830934524536
101.0;0;7.948483943939209
102.0;0;7.966691732406616
102.0;0;7.975726842880249
102.0;0;7.9913763999938965
97.0;0;8.009047508239746
99.0;0;8.038859844207764
106.0;0;8.054773330688477
112.0;0;8.072438478469849
106.0;0;8.072438478469849
108.0;0;8.088515996932983
117.0;0;8.102542638778687
119.0;0;8.120150089263916
115.0;0;8.120150089263916
116.0;0;8.139588594436646
125.0;0;8.150824546813965
126.0;0;8.164910793304443
121.0;0;8.166065216064453
124.0;0;8.182525634765625
132.0;0;8.19662880897522
130.0;0;8.202414512634277
125.0;0;8.212666988372803
131.0;0;8.22831106185913
145.0;0;8.246906757354736
136.0;0;8.251373052597046
125.0;0;8.259944438934326
134.0;0;8.291225671768188
149.0;0;8.30684757232666
157.0;0;8.322527170181274
152.0;0;8.339851140975952
154.0;0;8.355456829071045
156.0;0;8.370044708251953
150.0;0;8.385754585266113
150.0;0;8.40171504020691
155.0;0;8.417710781097412
153.0;0;8.43356442451477
140.0;0;8.450985670089722
137.0;0;8.465015172958374
146.0;0;8.470998287200928
147.0;0;8.481014490127563
142.0;0;8.496658086776733
145.0;0;8.512527465820312
154.0;0;8.516813039779663
157.0;0;8.5318284034729
152.0;0;8.54475212097168
155.0;0;8.549327373504639
162.0;0;8.564556121826172
159.0;0;8.564556121826172
155.0;0;8.576608180999756
162.0;0;8.582648277282715
169.0;0;8.592505931854248
165.0;0;8.597574710845947
163.0;0;8.608201742172241
171.0;0;8.608201742172241
177.0;0;8.623880624771118
172.0;0;8.623880624771118
173.0;0;8.639502763748169
183.0;0;8.64953327178955
188.0;0;8.657513856887817
183.0;0;8.663347244262695
184.0;0;8.670279264450073
193.0;0;8.680728197097778
189.0;0;8.685883522033691
180.0;0;8.694905519485474
182.0;0;8.694905519485474
189.0;0;8.712331533432007
187.0;0;8.726356983184814
182.0;0;8.728581190109253
182.0;0;8.74210524559021
187.0;0;8.749628067016602
181.0;0;8.758192777633667
174.0;0;8.758192777633667
175.0;0;8.774219989776611
177.0;0;8.781595706939697
165.0;0;8.790112018585205
152.0;0;8.805797338485718
156.0;0;8.810228109359741
154.0;0;8.821805953979492
148.0;0;8.839512825012207
142.0;0;8.849597215652466
144.0;0;8.853620052337646
144.0;0;8.870425939559937
134.0;0;8.884888410568237
132.0;0;8.902562618255615
139.0;0;8.918444395065308
140.0;0;8.934232711791992
132.0;0;8.949771165847778
134.0;0;8.96436095237732
144.0;0;8.968055009841919
144.0;0;8.983361959457397
139.0;0;8.996137619018555
144.0;0;8.996137619018555
157.0;0;9.007243394851685
156.0;0;9.01279902458191
151.0;0;9.021179437637329
155.0;0;9.028229713439941
1023.0;0;9.034838199615479
1023.0;0;9.044030666351318
1023.0;0;9.050000429153442
1023.0;0;9.059675216674805
1023.0;0;9.059675216674805
1023.0;0;9.070187330245972
1023.0;0;9.076748847961426
1023.0;0;9.076748847961426
1023.0;0;9.092634677886963
1023.0;0;9.096656560897827
1023.0;0;9.106672525405884
1023.0;0;9.122318744659424
1023.0;0;9.122318744659424
1023.0;0;9.137939214706421
1023.0;0;9.149964094161987
1023.0;0;9.15770411491394
1023.0;0;9.165168523788452
1023.0;0;9.178230285644531
1023.0;0;9.185745239257812
1023.0;0;9.185745239257812
1023.0;0;9.201388120651245
1023.0;0;9.201388120651245
1023.0;0;9.21701693534851
1023.0;0;9.232641220092773
1023.0;0;9.232641220092773
1023.0;0;9.250281810760498
1023.0;0;9.250281810760498
1023.0;0;9.26630711555481
1023.0;0;9.270484447479248
1023.0;0;9.28128981590271
1023.0;0;9.287114381790161
1023.0;0;9.296138286590576
1023.0;0;9.303647994995117
1023.0;0;9.314324617385864
1023.0;0;9.320673942565918
1023.0;0;9.328284740447998
1023.0;0;9.336689949035645
1023.0;0;9.350397825241089
1023.0;0;9.353160858154297
1023.0;0;9.359672784805298
1023.0;0;9.375381469726562
1023.0;0;9.375381469726562
1023.0;0;9.39137578010559
1023.0;0;9.397520065307617
1023.0;0;9.397520065307617
1023.0;0;9.407717227935791
1023.0;0;9.413699865341187
1023.0;0;9.423249006271362
1023.0;0;9.431224584579468
1023.0;0;9.43923044204712
1023.0;0;9.441153049468994
1023.0;0;9.450745582580566
1023.0;0;9.455273389816284
1023.0;0;9.464347124099731
1023.0;0;9.47089672088623
1023.0;0;9.47089672088623
1023.0;0;9.48232364654541
1023.0;0;9.488433361053467
1023.0;0;9.488433361053467
1023.0;0;9.502779722213745
1023.0;0;9.509629011154175
1023.0;0;9.518184423446655
1023.0;0;9.518184423446655
1023.0;0;9.537879705429077
1023.0;0;9.537879705429077
1023.0;0;9.551468849182129
1023.0;0;9.558026313781738
1023.0;0;9.565539598464966
1023.0;0;9.565539598464966
1023.0;0;9.583211421966553
1023.0;0;9.605483055114746
1023.0;0;9.6130211353302
1023.0;0;9.619212865829468
1023.0;0;9.638228178024292
1023.0;0;9.651204109191895
1023.0;0;9.662601709365845
1023.0;0;9.676379680633545
1023.0;0;9.693241119384766
1023.0;0;9.71195650100708
1023.0;0;9.726184129714966
1023.0;0;9.741841554641724
1023.0;0;9.75567364692688
1023.0;0;9.760436296463013
1023.0;0;9.773313522338867
1023.0;0;9.787370443344116
1023.0;0;9.811367273330688
1023.0;0;9.818909406661987
1023.0;0;9.834577798843384
1023.0;0;9.852269649505615
1023.0;0;9.872344970703125
1023.0;0;9.883941650390625
1023.0;0;9.901244163513184
1023.0;0;9.915420770645142
1023.0;0;9.929893255233765
1023.0;0;9.929893255233765
1023.0;0;9.951160669326782
1023.0;0;9.969947814941406
1023.0;0;9.98705267906189
1023.0;0;10.003304243087769
1023.0;0;10.019392967224121
1023.0;0;10.043172836303711
1023.0;0;10.051500082015991
1023.0;0;10.062978506088257
1023.0;0;10.075044870376587
1023.0;0;10.08467721939087
1023.0;0;10.090696811676025
1023.0;0;10.090696811676025
1023.0;0;10.109391212463379
1023.0;0;10.116867303848267
1023.0;0;10.123581886291504
1023.0;0;10.132771968841553
1023.0;0;10.139813661575317
1023.0;0;10.141658306121826
1023.0;0;10.15182113647461
1023.0;0;10.157330513000488
1023.0;0;10.169881582260132
1023.0;0;10.169881582260132
1023.0;0;10.169881582260132
1023.0;0;10.187323331832886
1023.0;0;10.197508335113525
1023.0;0;10.201292276382446
1023.0;0;10.210094213485718
1023.0;0;10.2178213596344
1023.0;0;10.225465297698975
1023.0;0;10.233025312423706
1023.0;0;10.237551212310791
1023.0;0;10.252056121826172
1023.0;0;10.252056121826172
1023.0;0;10.264944314956665
1023.0;0;10.27108097076416
1023.0;0;10.280652284622192
1023.0;0;10.288471937179565
1023.0;0;10.298458576202393
1023.0;0;10.305116653442383
1023.0;0;10.313422918319702
1023.0;0;10.32793927192688
1023.0;0;10.32793927192688
1023.0;0;10.343612670898438
1023.0;0;10.354387760162354
1023.0;0;10.362335443496704
1023.0;0;10.362335443496704
1023.0;0;10.376822471618652
1023.0;0;10.38127851486206
1023.0;0;10.38127851486206
1023.0;0;10.39707088470459
1023.0;0;10.399081707000732
1023.0;0;10.407910823822021
1023.0;0;10.407910823822021
1023.0;0;10.422462463378906
1023.0;0;10.425796508789062
1023.0;0;10.43234896659851
1023.0;0;10.438403129577637
1023.0;0;10.438403129577637
1023.0;0;10.454551219940186
1023.0;0;10.46022367477417
1023.0;0;10.470499277114868
1023.0;0;10.473419666290283
1023.0;0;10.479499816894531
1023.0;0;10.488990545272827
1023.0;0;10.49775743484497
1023.0;0;10.502689599990845
1023.0;0;10.507325887680054
1023.0;0;10.518335819244385
1023.0;0;10.521453142166138
1023.0;0;10.527314901351929
1023.0;0;10.535961866378784
1023.0;0;10.541876554489136
1023.0;0;10.5533447265625
1023.0;0;10.555534839630127
1023.0;0;10.56610918045044
1023.0;0;10.56908893585205
1023.0;0;10.57546877861023
1023.0;0;10.5819833278656
1023.0;0;10.58997631072998
1023.0;0;10.598464488983154
1023.0;0;10.598464488983154
1023.0;0;10.614031553268433
1023.0;0;10.621175050735474
1023.0;0;10.633487462997437
1023.0;0;10.639117240905762
1023.0;0;10.652412414550781
1023.0;0;10.657512903213501
1023.0;0;10.669694662094116
1023.0;0;10.669694662094116
921.0;0;10.685532093048096
946.0;0;10.691905498504639
1023.0;0;10.70284128189087
978.0;0;10.70284128189087
896.0;0;10.71741795539856
961.0;0;10.71741795539856
1023.0;0;10.738960981369019
925.0;0;10.744956970214844
888.0;0;10.752606391906738
995.0;0;10.758196353912354
1007.0;0;10.765634298324585
888.0;0;10.765634298324585
912.0;0;10.782268762588501
1005.0;0;10.782268762588501
941.0;0;10.799454927444458
870.0;0;10.799454927444458
945.0;0;10.813482284545898
1002.0;0;10.813482284545898
893.0;0;10.829140663146973
866.0;0;10.829140663146973
970.0;0;10.844766616821289
973.0;0;10.852781534194946
865.0;0;10.86079740524292
872.0;0;10.877366065979004
971.0;0;10.883777618408203
946.0;0;10.892290592193604
846.0;0;10.907938003540039
876.0;0;10.907938003540039
960.0;0;10.923556089401245
914.0;0;10.923556089401245
826.0;0;10.939181804656982
882.0;0;10.955263137817383
948.0;0;10.959090948104858
885.0;0;10.972653865814209
804.0;0;10.976613283157349
884.0;0;10.987372636795044
942.0;0;11.001319169998169
852.0;0;11.006785154342651
795.0;0;11.006785154342651
892.0;0;11.01930046081543
934.0;0;11.034956455230713
826.0;0;11.034956455230713
790.0;0;11.053107976913452
900.0;0;11.053107976913452
910.0;0;11.06663703918457
792.0;0;11.06663703918457
795.0;0;11.082304000854492
903.0;0;11.082304000854492
882.0;0;11.097920417785645
776.0;0;11.113539934158325
806.0;0;11.113539934158325
900.0;0;11.129153490066528
854.0;0;11.129153490066528
754.0;0;11.144777297973633
814.0;0;11.144777297973633
890.0;0;11.160809755325317
829.0;0;11.160809755325317
749.0;0;11.176458597183228
823.0;0;11.179230690002441
878.0;0;11.194723844528198
799.0;0;11.194723844528198
735.0;0;11.215659141540527
827.0;0;11.223735570907593
870.0;0;11.240816593170166
769.0;0;11.2558274269104
738.0;0;11.271533489227295
835.0;0;11.287239789962769
849.0;0;11.29016637802124
749.0;0;11.303188800811768
741.0;0;11.321565866470337
837.0;0;11.33529543876648
830.0;0;11.35358214378357
730.0;0;11.369149923324585
750.0;0;11.382869720458984
843.0;0;11.385610342025757
806.0;0;11.392955541610718
707.0;0;11.401530504226685
762.0;0;11.408180236816406
841.0;0;11.422553777694702
785.0;0;11.43106985092163
703.0;0;11.435381650924683
770.0;0;11.446924448013306
835.0;0;11.457435131072998
757.0;0;11.462948322296143
687.0;0;11.478610277175903
778.0;0;11.483575582504272
826.0;0;11.494312524795532
730.0;0;11.494312524795532
685.0;0;11.514729022979736
790.0;0;11.518662214279175
815.0;0;11.527316570281982
704.0;0;11.541484117507935
687.0;0;11.543736219406128
792.0;0;11.559340715408325
791.0;0;11.56171178817749
681.0;0;11.573275566101074
695.0;0;11.573275566101074
800.0;0;11.589322090148926
767.0;0;11.589322090148926
657.0;0;11.606913566589355
702.0;0;11.606913566589355
796.0;0;11.621561527252197
744.0;0;11.63607668876648
636.0;0;11.63607668876648
716.0;0;11.654526948928833
798.0;0;11.65789532661438
714.0;0;11.668946266174316
630.0;0;11.675467014312744
729.0;0;11.684767484664917
799.0;0;11.698840141296387
682.0;0;11.701876640319824
613.0;0;11.716082096099854
744.0;0;11.717373847961426
783.0;0;11.730892419815063
658.0;0;11.730892419815063
620.0;0;11.747793197631836
763.0;0;11.755381345748901
787.0;0;11.763704061508179
614.0;0;11.771903038024902
605.0;0;11.787279605865479
784.0;0;11.794410228729248
762.0;0;11.798864841461182
580.0;0;11.810130834579468
629.0;0;11.810130834579468
793.0;0;11.81964635848999
731.0;0;11.826705694198608
557.0;0;11.834253549575806
665.0;0;11.84545612335205
815.0;0;11.84545612335205
692.0;0;11.859395265579224
542.0;0;11.874457836151123
683.0;0;11.875687599182129
795.0;0;11.89021635055542
645.0;0;11.89673113822937
530.0;0;11.90769362449646
716.0;0;11.90769362449646
799.0;0;11.922346115112305
612.0;0;11.931370735168457
548.0;0;11.93788456916809
738.0;0;11.953634023666382
765.0;0;11.956325054168701
564.0;0;11.969367504119873
559.0;0;11.969367504119873
747.0;0;11.986925840377808
733.0;0;11.986925840377808
543.0;0;12.002904415130615
582.0;0;12.016964435577393
757.0;0;12.021494626998901
697.0;0;12.034978151321411
523.0;0;12.037208557128906
616.0;0;12.050012588500977
753.0;0;12.055554389953613
655.0;0;12.065465688705444
504.0;0;12.065465688705444
633.0;0;12.082698345184326
755.0;0;12.097872972488403
616.0;0;12.099464178085327
505.0;0;12.112474203109741
653.0;0;12.113794565200806
747.0;0;12.113794565200806
571.0;0;12.128308057785034
496.0;0;12.144163608551025
670.0;0;12.144163608551025
714.0;0;12.160243034362793
532.0;0;12.160243034362793
499.0;0;12.175889492034912
678.0;0;12.18570327758789
682.0;0;12.191715002059937
483.0;0;12.207762241363525
510.0;0;12.207762241363525
691.0;0;12.223942279815674
650.0;0;12.231422901153564
464.0;0;12.23993444442749
547.0;0;12.249085664749146
705.0;0;12.257355213165283
615.0;0;12.271374940872192
455.0;0;12.279349565505981
574.0;0;12.288250923156738
713.0;0;12.298142194747925
582.0;0;12.303731918334961
448.0;0;12.303731918334961
605.0;0;12.32119107246399
701.0;0;12.33504056930542
542.0;0;12.33504056930542
446.0;0;12.355798959732056
627.0;0;12.364648342132568
695.0;0;12.36665940284729
511.0;0;12.382508277893066
471.0;0;12.382508277893066
661.0;0;12.392913579940796
668.0;0;12.398433923721313
468.0;0;12.415873527526855
489.0;0;12.415873527526855
669.0;0;12.429886817932129
638.0;0;12.445531129837036
443.0;0;12.456048727035522
514.0;0;12.46649956703186
680.0;0;12.467958450317383
600.0;0;12.477481603622437
435.0;0;12.495295763015747
542.0;0;12.499968767166138
679.0;0;12.511019229888916
572.0;0;12.52490520477295
425.0;0;12.52490520477295
577.0;0;12.540551662445068
686.0;0;12.557252883911133
538.0;0;12.572328090667725
435.0;0;12.572328090667725
607.0;0;12.588549613952637
689.0;0;12.604066371917725
500.0;0;12.619713306427002
444.0;0;12.619713306427002
636.0;0;12.635340929031372
663.0;0;12.659513473510742
477.0;0;12.661102771759033
474.0;0;12.675179958343506
655.0;0;12.69103217124939
639.0;0;12.706677436828613
441.0;0;12.706677436828613
505.0;0;12.722302436828613
680.0;0;12.737924337387085
607.0;0;12.756634950637817
423.0;0;12.756634950637817
531.0;0;12.771634101867676
686.0;0;12.785834789276123
578.0;0;12.802402257919312
429.0;0;12.81206464767456
568.0;0;12.817580699920654
692.0;0;12.833284378051758
543.0;0;12.849440336227417
418.0;0;12.856953382492065
599.0;0;12.867444515228271
680.0;0;12.882997035980225
504.0;0;12.887462139129639
423.0;0;12.89748501777649
618.0;0;12.913542747497559
666.0;0;12.932674884796143
464.0;0;12.937445640563965
453.0;0;12.956967115402222
655.0;0;12.961621522903442
645.0;0;12.97944951057434
441.0;0;12.981651306152344
484.0;0;12.99367070198059
669.0;0;13.00931429862976
607.0;0;13.024939775466919
413.0;0;13.040569543838501
511.0;0;13.040569543838501
680.0;0;13.057221412658691
580.0;0;13.072237968444824
412.0;0;13.08788275718689
541.0;0;13.103509187698364
675.0;0;13.103509187698364
537.0;0;13.11913514137268
399.0;0;13.136003017425537
565.0;0;13.136003017425537
665.0;0;13.150580406188965
493.0;0;13.166568040847778
397.0;0;13.166568040847778
597.0;0;13.182475328445435
655.0;0;13.190170764923096
462.0;0;13.198187589645386
425.0;0;13.218141317367554
618.0;0;13.230290412902832
628.0;0;13.257989645004272
418.0;0;13.262022972106934
446.0;0;13.279820680618286
635.0;0;13.309529304504395
596.0;0;13.31307601928711
393.0;0;13.329378128051758
483.0;0;13.332905054092407
653.0;0;13.341428756713867
561.0;0;13.341428756713867
397.0;0;13.359130382537842
514.0;0;13.364174127578735
663.0;0;13.37319803237915
533.0;0;13.379203081130981
384.0;0;13.391008853912354
553.0;0;13.397737264633179
657.0;0;13.405258655548096
497.0;0;13.405258655548096
379.0;0;13.420912265777588
580.0;0;13.420912265777588
650.0;0;13.43653678894043
455.0;0;13.43653678894043
406.0;0;13.458195686340332
603.0;0;13.458195686340332
635.0;0;13.47335696220398
426.0;0;13.47335696220398
423.0;0;13.483891487121582
628.0;0;13.483891487121582
603.0;0;13.499555587768555
398.0;0;13.499555587768555
455.0;0;13.51517653465271
634.0;0;13.51517653465271
564.0;0;13.530828952789307
374.0;0;13.546530485153198
485.0;0;13.55859923362732
640.0;0;13.562610864639282
510.0;0;13.578255414962769
358.0;0;13.578255414962769
496.0;0;13.593879461288452
620.0;0;13.593879461288452
462.0;0;13.610559701919556
0.0;0;13.625442028045654
0.0;0;13.625442028045654
0.0;0;13.642314195632935
0.0;0;13.658719539642334
0.0;0;13.661004781723022
0.0;0;13.673072576522827
0.0;0;13.688796758651733
0.0;0;13.704672574996948
0.0;0;13.704672574996948
0.0;0;13.7203209400177
0.0;0;13.736132383346558
0.0;0;13.736132383346558
0.0;0;13.75182819366455
0.0;0;13.758852005004883
0.0;0;13.767866373062134
0.0;0;13.783561944961548
0.0;0;13.783561944961548
0.0;0;13.799308061599731
0.0;0;13.814975261688232
0.0;0;13.817267179489136
0.0;0;13.830796241760254
0.0;0;13.830796241760254
0.0;0;13.854685544967651
0.0;0;13.862227201461792
0.0;0;13.862227201461792
0.0;0;13.878970384597778
0.0;0;13.8939847946167
0.0;0;13.8939847946167
0.0;0;13.911611557006836
0.0;0;13.925645112991333
0.0;0;13.925645112991333
0.0;0;13.94157099723816
0.0;0;13.957268714904785
0.0;0;13.960341215133667
0.0;0;13.973412036895752
0.0;0;13.981427907943726
0.0;0;13.989447116851807
0.0;0;14.005149126052856
0.0;0;14.005149126052856
0.0;0;14.021115064620972
0.0;0;14.036801099777222
0.0;0;14.040887594223022
0.0;0;14.052635192871094
0.0;0;14.059707641601562
0.0;0;14.068727493286133
0.0;0;14.0844247341156
0.0;0;14.0844247341156
0.0;0;14.09956693649292
0.0;0;14.115231275558472
0.0;0;14.115231275558472
0.0;0;14.13161849975586
0.0;0;14.13161849975586
0.0;0;14.148992776870728
0.0;0;14.163033485412598
0.0;0;14.163033485412598
0.0;0;14.178675413131714
0.0;0;14.19475769996643
0.0;0;14.200061321258545
0.0;0;14.21041202545166
0.0;0;14.225972652435303
0.0;0;14.225972652435303
0.0;0;14.24167251586914
0.0;0;14.257296800613403
0.0;0;14.260308742523193
0.0;0;14.273106336593628
0.0;0;14.273106336593628
0.0;0;14.288809061050415
0.0;0;14.304622888565063
0.0;0;14.304622888565063
0.0;0;14.320303916931152
0.0;0;14.320303916931152
0.0;0;14.338962316513062
0.0;0;14.343484163284302
0.0;0;14.353381395339966
0.0;0;14.360409498214722
0.0;0;14.3710036277771
0.0;0;14.373998165130615
0.0;0;14.383549690246582
0.0;0;14.383549690246582
0.0;0;14.399194717407227
0.0;0;14.408214092254639
0.0;0;14.415784120559692
0.0;0;14.425107479095459
0.0;0;14.433408737182617
0.0;0;14.44696569442749
0.0;0;14.44696569442749
0.0;0;14.4629967212677
0.0;0;14.46857237815857
0.0;0;14.4791259765625
0.0;0;14.494764804840088
0.0;0;14.494764804840088
0.0;0;14.510451555252075
0.0;0;14.517796516418457
0.0;0;14.52635669708252
0.0;0;14.542039632797241
0.0;0;14.547675132751465
0.0;0;14.560753583908081
0.0;0;14.57350778579712
0.0;0;14.577683925628662
0.0;0;14.58908987045288
0.0;0;14.605171203613281
0.0;0;14.605171203613281
0.0;0;14.62085223197937
0.0;0;14.626704454421997
0.0;0;14.636741399765015
0.0;0;14.643401145935059
0.0;0;14.654067993164062
0.0;0;14.662541151046753
0.0;0;14.662541151046753
0.0;0;14.676063299179077
0.0;0;14.676063299179077
0.0;0;14.693263053894043
0.0;0;14.701891660690308
0.0;0;14.70927882194519
0.0;0;14.723570823669434
0.0;0;14.73119044303894
0.0;0;14.739750146865845
0.0;0;14.755398750305176
0.0;0;14.761415719985962
0.0;0;14.773299932479858
0.0;0;14.78731918334961
0.0;0;14.818619966506958
0.0;0;14.834289312362671
0.0;0;14.850461721420288
0.0;0;14.86710524559021
0.0;0;14.883699893951416
0.0;0;14.89932894706726
0.0;0;14.902702331542969
0.0;0;14.914231061935425
0.0;0;14.929893016815186
0.0;0;14.934107780456543
0.0;0;14.945638656616211
0.0;0;14.945638656616211
0.0;0;14.961815118789673
0.0;0;14.977373123168945
0.0;0;14.977373123168945
0.0;0;14.999232530593872
0.0;0;15.008800029754639
0.0;0;15.008800029754639
0.0;0;15.02448582649231
0.0;0;15.046820878982544
0.0;0;15.063402891159058
0.0;0;15.07198190689087
0.0;0;15.087904930114746
0.0;0;15.103834390640259
0.0;0;15.120933771133423
0.0;0;15.13909363746643
0.0;0;15.13909363746643
0.0;0;15.15114450454712
0.0;0;15.1623694896698
0.0;0;15.166927099227905
0.0;0;15.174478769302368
0.0;0;15.183990955352783
0.0;0;15.183990955352783
0.0;0;15.199512481689453
0.0;0;15.199512481689453
0.0;0;15.213567018508911
0.0;0;15.213567018508911
0.0;0;15.229207515716553
0.0;0;15.238503694534302
0.0;0;15.245018243789673
0.0;0;15.262558937072754
0.0;0;15.266008138656616
0.0;0;15.277592897415161
0.0;0;15.293168783187866
0.0;0;15.293168783187866
0.0;0;15.308866262435913
0.0;0;15.31621241569519
0.0;0;15.326897621154785
0.0;0;15.340463399887085
0.0;0;15.34622836112976
0.0;0;15.362787246704102
0.0;0;15.372344255447388
0.0;0;15.376266241073608
0.0;0;15.388336181640625
0.0;0;15.398585557937622
0.0;0;15.412673234939575
0.0;0;15.422595024108887
0.0;0;15.437084436416626
0.0;0;15.437084436416626
0.0;0;15.459697961807251
0.0;0;15.471664428710938
0.0;0;15.471664428710938
0.0;0;15.489490985870361
0.0;0;15.4993314743042
0.0;0;15.51674199104309
0.0;0;15.519357204437256
0.0;0;15.530887603759766
0.0;0;15.546547412872314
0.0;0;15.546547412872314
0.0;0;15.563705921173096
0.0;0;15.578235387802124
0.0;0;15.578235387802124
0.0;0;15.593881368637085
0.0;0;15.60950493812561
0.0;0;15.615267038345337
0.0;0;15.628638744354248
0.0;0;15.641208171844482
0.0;0;15.656899213790894
0.0;0;15.662924528121948
0.0;0;15.672619104385376
0.0;0;15.672619104385376
0.0;0;15.688272476196289
0.0;0;15.703891038894653
0.0;0;15.703891038894653
0.0;0;15.719566822052002
0.0;0;15.735141038894653
0.0;0;15.735141038894653
0.0;0;15.750813961029053
0.0;0;15.762831211090088
0.0;0;15.766847133636475
0.0;0;15.782544374465942
0.0;0;15.782544374465942
0.0;0;15.798160076141357
0.0;0;15.813756227493286
0.0;0;15.813756227493286
0.0;0;15.830785751342773
0.0;0;15.830785751342773
0.0;0;15.845298051834106
0.0;0;15.862955808639526
0.0;0;15.862955808639526
0.0;0;15.884850263595581
0.0;0;15.892865419387817
0.0;0;15.892865419387817
0.0;0;15.91023063659668
0.0;0;15.925037384033203
0.0;0;15.936196327209473
0.0;0;15.940708637237549
0.0;0;15.956397533416748
0.0;0;15.962960481643677
0.0;0;15.972530603408813
0.0;0;15.972530603408813
0.0;0;15.9881751537323
0.0;0;16.003851175308228
0.0;0;16.003851175308228
0.0;0;16.050886869430542
0.0;15.53;16.055038452148438
0.0;15.53;16.066622018814087
0.0;15.53;16.066622018814087
0.0;15.53;16.08386754989624
0.0;15.53;16.09842824935913
0.0;15.53;16.09842824935913
0.0;15.53;16.1140878200531
0.0;15.53;16.1140878200531
0.0;15.53;16.13152265548706
0.0;15.53;16.14555311203003
0.0;15.53;16.14555311203003
0.0;15.53;16.163207530975342
0.0;15.53;16.179601907730103
0.0;15.53;16.18645191192627
0.0;15.53;16.19301986694336
0.0;15.53;16.19301986694336
0.0;15.53;16.208674907684326
0.0;15.53;16.208674907684326
0.0;15.53;16.224287271499634
0.0;15.53;16.224287271499634
0.0;15.53;16.239914655685425
0.0;15.53;16.239914655685425
0.0;15.53;16.255534887313843
0.0;15.53;16.263548135757446
0.0;15.53;16.27156376838684
0.0;15.53;16.27156376838684
0.0;15.53;16.289138078689575
0.0;15.53;16.304996252059937
0.0;15.53;16.304996252059937
0.0;15.53;16.319026947021484
0.0;15.53;16.334686279296875
0.0;15.53;16.334686279296875
0.0;15.53;16.350310564041138
0.0;15.53;16.366369247436523
0.0;15.53;16.366369247436523
0.0;15.53;16.382330894470215
0.0;15.53;16.397989511489868
0.0;15.53;16.397989511489868
0.0;15.53;16.421786308288574
0.0;15.53;16.429579257965088
0.0;15.53;16.429579257965088
0.0;15.53;16.44639825820923
0.0;15.53;16.45184850692749
0.0;15.53;16.463923931121826
0.0;15.53;16.463923931121826
0.0;15.53;16.476951122283936
0.0;15.53;16.49264359474182
0.0;15.53;16.495938062667847
0.0;15.53;16.50851082801819
0.0;15.53;16.50851082801819
83.0;15.53;16.524166584014893
159.0;15.53;16.5403413772583
80.0;15.53;16.5403413772583
0.0;15.53;16.556036710739136
17.0;15.53;16.564056158065796
147.0;15.53;16.57207489013672
211.0;15.53;16.587718963623047
136.0;15.53;16.589396953582764
11.0;15.53;16.60474395751953
32.0;15.53;16.60474395751953
170.0;15.53;16.61932110786438
227.0;15.53;16.63496470451355
156.0;15.53;16.63496470451355
35.0;15.53;16.65251326560974
44.0;15.53;16.664432287216187
175.0;15.53;16.675001859664917
248.0;15.53;16.675001859664917
165.0;15.53;16.69098997116089
35.0;15.53;16.69098997116089
64.0;15.53;16.706637859344482
192.0;15.53;16.72229552268982
250.0;15.53;16.72229552268982
171.0;15.53;16.739681482315063
53.0;15.53;16.75408172607422
69.0;15.53;16.764488220214844
201.0;15.53;16.764488220214844
255.0;15.53;16.778016328811646
183.0;15.53;16.793675184249878
62.0;15.53;16.79719305038452
73.0;15.53;16.809747219085693
205.0;15.53;16.809747219085693
273.0;15.53;16.825403451919556
182.0;15.53;16.84106969833374
59.0;15.53;16.84106969833374
89.0;15.53;16.86475682258606
218.0;15.53;16.872824668884277
268.0;15.53;16.872824668884277
192.0;15.53;16.888503074645996
76.0;15.53;16.906147480010986
88.0;15.53;16.93612003326416
218.0;15.53;16.95241141319275
275.0;15.53;16.968175888061523
197.0;15.53;16.983887195587158
71.0;15.53;16.99945855140686
97.0;15.53;17.0151629447937
230.0;15.53;17.030729055404663
286.0;15.53;17.046342134475708
195.0;15.53;17.046342134475708
83.0;15.53;17.064805507659912
107.0;15.53;17.064805507659912
231.0;15.53;17.08071780204773
284.0;15.53;17.093746185302734
205.0;15.53;17.093746185302734
87.0;15.53;17.109442949295044
106.0;15.53;17.125070810317993
240.0;15.53;17.125070810317993
293.0;15.53;17.140692949295044
207.0;15.53;17.140692949295044
84.0;15.53;17.15630340576172
118.0;15.53;17.164854526519775
248.0;15.53;17.172404766082764
303.0;15.53;17.172404766082764
212.0;15.53;17.189828634262085
100.0;15.53;17.189828634262085
124.0;15.53;17.20384168624878
245.0;15.53;17.21952486038208
299.0;15.53;17.21952486038208
220.0;15.53;17.235107421875
94.0;15.53;17.235107421875
124.0;15.53;17.251972913742065
258.0;15.53;17.251972913742065
306.0;15.53;17.26827883720398
215.0;15.53;17.26827883720398
102.0;15.53;17.282299757003784
136.0;15.53;17.282299757003784
256.0;15.53;17.29984188079834
312.0;15.53;17.29984188079834
224.0;15.53;17.313894987106323
103.0;15.53;17.313894987106323
180.0;15.53;17.329546451568604
316.0;15.53;17.34644842147827
229.0;15.53;17.34644842147827
105.0;15.53;17.37161684036255
210.0;15.53;17.376640796661377
319.0;15.53;17.392301082611084
206.0;15.53;17.392301082611084
105.0;15.53;17.409810304641724
242.0;15.53;17.42384123802185
320.0;15.53;17.42384123802185
176.0;15.53;17.439502954483032
104.0;15.53;17.455132246017456
265.0;15.53;17.465282917022705
311.0;15.53;17.475354194641113
154.0;15.53;17.48660635948181
133.0;15.53;17.488624572753906
293.0;15.53;17.50269365310669
298.0;15.53;17.508997678756714
134.0;15.53;17.518555641174316
163.0;15.53;17.53424572944641
309.0;15.53;17.53424572944641
287.0;15.53;17.551767826080322
137.0;15.53;17.565341234207153
193.0;15.53;17.565341234207153
330.0;15.53;17.580982208251953
266.0;15.53;17.596616983413696
125.0;15.53;17.596616983413696
226.0;15.53;17.61223292350769
340.0;15.53;17.62785506248474
242.0;15.53;17.62785506248474
132.0;15.53;17.64348077774048
256.0;15.53;17.659133911132812
343.0;15.53;17.66564965248108
210.0;15.53;17.67516255378723
144.0;15.53;17.67516255378723
282.0;15.53;17.690804719924927
344.0;15.53;17.690804719924927
192.0;15.53;17.706430673599243
163.0;15.53;17.722055435180664
312.0;15.53;17.722055435180664
330.0;15.53;17.737680673599243
167.0;15.53;17.737680673599243
188.0;15.53;17.753304719924927
332.0;15.53;17.753304719924927
310.0;15.53;17.769334077835083
167.0;15.53;17.769334077835083
214.0;15.53;17.792299270629883
344.0;15.53;17.8007071018219
296.0;15.53;17.8007071018219
154.0;15.53;17.81777858734131
244.0;15.53;17.83236050605774
356.0;15.53;17.83236050605774
275.0;15.53;17.848058462142944
157.0;15.53;17.865970849990845
276.0;15.53;17.865970849990845
361.0;15.53;17.88078236579895
245.0;15.53;17.895307779312134
163.0;15.53;17.900020122528076
306.0;15.53;17.911060571670532
364.0;15.53;17.926719427108765
229.0;15.53;17.95803189277649
179.0;15.53;17.974202632904053
332.0;15.53;18.004944324493408
351.0;15.53;18.020840644836426
203.0;15.53;18.036398887634277
199.0;15.53;18.05247950553894
346.0;15.53;18.066554307937622
333.0;15.53;18.0717990398407
186.0;15.53;18.084367513656616
231.0;15.53;18.084367513656616
363.0;15.53;18.10006070137024
308.0;15.53;18.117677450180054
177.0;15.53;18.117677450180054
253.0;15.53;18.136891841888428
364.0;15.53;18.15267586708069
281.0;15.53;18.16665530204773
170.0;15.53;18.179365634918213
279.0;15.53;18.181246042251587
364.0;15.53;18.195266008377075
257.0;15.53;18.21199369430542
172.0;15.53;18.226527214050293
298.0;15.53;18.24267053604126
368.0;15.53;18.24267053604126
233.0;15.53;18.258603811264038
186.0;15.53;18.266668558120728
324.0;15.53;18.27715039253235
361.0;15.53;18.29072070121765
212.0;15.53;18.29775619506836
206.0;15.53;18.306824684143066
347.0;15.53;18.322699546813965
344.0;15.53;18.322699546813965
198.0;15.53;18.344224452972412
230.0;15.53;18.3548743724823
363.0;15.53;18.3548743724823
331.0;15.53;18.370969772338867
195.0;15.53;18.387057542800903
255.0;15.53;18.40276789665222
374.0;15.53;18.40276789665222
307.0;15.53;18.41832995414734
182.0;15.53;18.43401551246643
287.0;15.53;18.449639558792114
378.0;15.53;18.467173099517822
282.0;15.53;18.467173099517822
185.0;15.53;18.48150062561035
313.0;15.53;18.48150062561035
382.0;15.53;18.497705698013306
263.0;15.53;18.507165908813477
190.0;15.53;18.519959211349487
341.0;15.53;18.5290105342865
379.0;15.53;18.532817125320435
241.0;15.53;18.54614543914795
213.0;15.53;18.547945737838745
363.0;15.53;18.562718868255615
365.0;15.53;18.5672345161438
213.0;15.53;18.57675075531006
238.0;15.53;18.597413063049316
376.0;15.53;18.608444690704346
353.0;15.53;18.608444690704346
211.0;15.53;18.624103784561157
260.0;15.53;18.639725923538208
387.0;15.53;18.639725923538208
332.0;15.53;18.665493726730347
195.0;15.53;18.66751766204834
290.0;15.53;18.679590463638306
396.0;15.53;18.696691513061523
305.0;15.53;18.71124577522278
196.0;15.53;18.72693705558777
322.0;15.53;18.758519649505615
400.0;15.53;18.776190042495728
281.0;15.53;18.79029083251953
197.0;15.53;18.806010246276855
346.0;15.53;18.82181453704834
396.0;15.53;18.83751106262207
257.0;15.53;18.83970808982849
218.0;15.53;18.853219985961914
364.0;15.53;18.869255781173706
382.0;15.53;18.869255781173706
222.0;15.53;18.892512798309326
228.0;15.53;18.90103054046631
385.0;15.53;18.916675329208374
359.0;15.53;18.932305574417114
205.0;15.53;18.947926998138428
254.0;15.53;18.963549375534058
387.0;15.53;18.968567371368408
332.0;15.53;18.979586601257324
190.0;15.53;18.979586601257324
282.0;15.53;18.995232105255127
393.0;15.53;18.995232105255127
316.0;15.53;19.010858297348022
198.0;15.53;19.027746438980103
312.0;15.53;19.034549713134766
404.0;15.53;19.042616844177246
285.0;15.53;19.05831289291382
197.0;15.53;19.068886756896973
336.0;15.53;19.077443599700928
393.0;15.53;19.092153310775757
256.0;15.53;19.092153310775757
199.0;15.53;19.106220483779907
352.0;15.53;19.121919631958008
371.0;15.53;19.127800941467285
223.0;15.53;19.14612317085266
216.0;15.53;19.157469511032104
362.0;15.53;19.161367893218994
360.0;15.53;19.169487953186035
199.0;15.53;19.185093641281128
241.0;15.53;19.185093641281128
382.0;15.53;19.2007896900177
330.0;15.53;19.21765971183777
185.0;15.53;19.218228101730347
270.0;15.53;19.23230266571045
388.0;15.53;19.248443365097046
308.0;15.53;19.248443365097046
191.0;15.53;19.269212245941162
290.0;15.53;19.279858112335205
393.0;15.53;19.279858112335205
278.0;15.53;19.297729015350342
189.0;15.53;19.314308643341064
317.0;15.53;19.314308643341064
392.0;15.53;19.327341079711914
252.0;15.53;19.343796491622925
192.0;15.53;19.35822558403015
0.0;15.53;19.374398469924927
0.0;15.53;19.405679941177368
0.0;15.53;19.4212965965271
0.0;15.53;19.43692445755005
0.0;15.53;19.452547788619995
0.0;15.53;19.469697952270508
0.0;15.53;19.4842267036438
0.0;15.53;19.499880075454712
0.0;15.53;19.51549983024597
0.0;15.53;19.51549983024597
0.0;15.53;19.532389402389526
0.0;15.53;19.55091905593872
0.0;15.53;19.56395673751831
0.0;15.53;19.570040464401245
0.0;15.53;19.586323022842407
0.0;15.53;19.597585916519165
0.0;15.53;19.597585916519165
0.0;15.53;19.6126070022583
0.0;15.53;19.628058910369873
0.0;15.53;19.642128705978394
0.0;15.53;19.642128705978394
0.0;15.53;19.65864324569702
0.0;15.53;19.673848628997803
0.0;15.53;19.690024614334106
0.0;15.53;19.690024614334106
0.0;15.53;19.705891132354736
0.0;15.53;19.72187614440918
0.0;15.53;19.72187614440918
0.0;15.53;19.738203525543213
0.0;15.53;19.743611097335815
0.0;15.53;19.75434947013855
0.0;15.53;19.761837005615234
0.0;15.53;19.770159244537354
0.0;15.53;19.785621166229248
0.0;15.53;19.785621166229248
0.0;15.53;19.80013608932495
0.0;15.53;19.81578040122986
0.0;15.53;19.831406593322754
0.0;15.53;19.831406593322754
0.0;15.53;19.847030878067017
0.0;15.53;19.862657070159912
0.0;15.53;19.87022876739502
0.0;15.53;19.881776094436646
0.0;15.53;19.89623188972473
0.0;15.53;19.910865306854248
0.0;15.53;19.944364547729492
0.0;15.53;19.97049617767334
0.0;15.53;19.990203142166138
0.0;15.53;20.016243934631348
0.0;15.53;20.028156042099
0.0;15.53;20.054455518722534
0.0;15.53;20.0789897441864
0.0;15.53;20.089195251464844
0.0;15.53;20.101280689239502
0.0;15.53;20.115373611450195
0.0;15.53;20.11738419532776
0.0;15.53;20.13351535797119
0.0;15.53;20.13843297958374
0.0;15.53;20.152297496795654
0.0;15.53;20.16022491455078
0.0;15.53;20.171852111816406
0.0;15.53;20.18096947669983
0.0;15.53;20.184069633483887
0.0;15.53;20.19709277153015
0.0;15.53;20.21153712272644
0.0;15.53;20.21778130531311
0.0;15.53;20.232518672943115
0.0;15.53;20.244791984558105
0.0;15.53;20.24771285057068
0.0;15.53;20.260741472244263
0.0;15.53;20.278380393981934
0.0;15.53;20.282888889312744
0.0;15.53;20.298003911972046
0.0;15.53;20.300438165664673
0.0;15.53;20.309035301208496
0.0;15.53;20.32460308074951
0.0;15.53;20.32460308074951
0.0;15.53;20.340829133987427
0.0;15.53;20.360654592514038
0.0;15.53;20.370766162872314
0.0;15.53;20.37426733970642
0.0;15.53;20.404268980026245
0.0;15.53;20.42025136947632
0.0;15.53;20.435905933380127
0.0;15.53;20.46754503250122
0.0;15.53;20.485631942749023
0.0;15.53;20.496662378311157
0.0;15.53;20.50112819671631
0.0;15.53;20.51666283607483
0.0;15.53;20.53146243095398
0.0;15.53;20.54300856590271
0.0;15.53;20.554584741592407
0.0;15.53;20.56342601776123
0.0;15.53;20.57144522666931
0.0;15.53;20.589381456375122
0.0;15.53;20.603199005126953
0.0;15.53;20.612131357192993
0.0;15.53;20.626646518707275
0.0;15.53;20.626646518707275
0.0;15.53;20.65077543258667
0.0;15.53;20.653286457061768
0.0;15.53;20.67202639579773
0.0;15.53;20.68584394454956
0.0;15.53;20.697961807250977
0.0;15.53;20.70138382911682
0.0;15.53;20.71714186668396
0.0;15.53;20.731670379638672
0.0;15.53;20.745606184005737
0.0;15.53;20.761356592178345
0.0;15.53;20.77741527557373
0.0;15.53;20.793137550354004
0.0;15.53;20.80899405479431
0.0;15.53;20.810587167739868
0.0;15.53;20.8371684551239
0.0;15.53;20.84052324295044
0.0;15.53;20.864320993423462
0.0;15.53;20.876744031906128
0.0;15.53;20.893134593963623
0.0;15.53;20.903230905532837
0.0;15.53;20.921697854995728
0.0;15.53;20.93643593788147
0.0;15.53;20.9517605304718
0.0;15.53;20.96632480621338
0.0;15.53;20.98243999481201
0.0;15.53;21.000978231430054
0.0;15.53;21.00259017944336
0.0;15.53;21.017970323562622
0.0;15.53;21.026918411254883
0.0;15.53;21.032368898391724
0.0;15.53;21.05175280570984
0.0;15.53;21.06180715560913
0.0;15.53;21.07182240486145
0.0;15.53;21.07784080505371
0.0;15.53;21.11051321029663
0.0;15.53;21.12523055076599
0.0;15.53;21.150787830352783
0.0;15.53;21.15960693359375
0.0;15.53;21.18780755996704
0.0;15.53;21.20383930206299
0.0;15.53;21.219549655914307
0.0;15.53;21.236727714538574
0.0;15.53;21.267001390457153
0.0;15.53;21.29092764854431
0.0;15.53;21.298157215118408
0.0;15.53;21.315258264541626
0.0;15.53;21.336719036102295
0.0;15.53;21.34471368789673
0.0;15.53;21.35093665122986
0.0;15.53;21.36390209197998
0.0;15.53;21.37646794319153
0.0;15.53;21.392183303833008
0.0;15.53;21.392183303833008
0.0;15.53;21.407735109329224
0.0;15.53;21.423358917236328
0.0;15.53;21.438984870910645
0.0;15.53;21.438984870910645
0.0;15.53;21.4546115398407
0.0;15.53;21.473255395889282
0.0;15.53;21.487392902374268
0.0;15.53;21.489381313323975
0.0;15.53;21.504547595977783
0.0;15.53;21.51993227005005
0.0;15.53;21.53403878211975
0.0;15.53;21.53403878211975
0.0;15.53;21.549734592437744
0.0;15.53;21.56535840034485
0.0;15.53;21.573423385620117
0.0;15.53;21.5814368724823
0.0;15.53;21.601200342178345
0.0;15.53;21.608027696609497
0.0;15.53;21.613539218902588
0.0;15.53;21.638217449188232
0.0;15.53;21.64522910118103
0.0;15.53;21.660871982574463
0.0;15.53;21.673391342163086
0.0;15.53;21.676904439926147
0.0;15.53;21.692546129226685
0.0;15.53;21.692546129226685
0.0;15.53;21.708173513412476
0.0;15.53;21.723798274993896
0.0;15.53;21.723798274993896
0.0;15.53;21.73941969871521
0.0;15.53;21.73941969871521
0.0;15.53;21.755046844482422
0.0;15.53;21.770673990249634
0.0;15.53;21.773686170578003
0.0;15.53;21.78669834136963
0.0;15.53;21.792527437210083
0.0;15.53;21.802597045898438
0.0;15.53;21.818291902542114
0.0;15.53;21.850036144256592
0.0;0.0;21.881459712982178
0.0;0.0;21.897141695022583
0.0;0.0;21.928391695022583
0.0;0.0;21.944183111190796
0.0;0.0;21.964078903198242
0.0;0.0;21.976130723953247
0.0;0.0;21.994826555252075
0.0;0.0;22.007890939712524
0.0;0.0;22.007890939712524
0.0;0.0;22.027562379837036
0.0;0.0;22.03962230682373
0.0;0.0;22.042605876922607
0.0;0.0;22.055347204208374
0.0;0.0;22.061112880706787
0.0;0.0;22.0774884223938
0.0;0.0;22.088902711868286
0.0;0.0;22.09128999710083
0.0;0.0;22.107277154922485
0.0;0.0;22.120062351226807
0.0;0.0;22.120062351226807
0.0;0.0;22.135223150253296
0.0;0.0;22.1512188911438
0.0;0.0;22.166118144989014
0.0;0.0;22.17418360710144
0.0;0.0;22.182952404022217
0.0;0.0;22.197346448898315
0.0;0.0;22.20177412033081
0.0;0.0;22.214216470718384
0.0;0.0;22.229203462600708
0.0;0.0;22.229203462600708
0.0;0.0;22.2448468208313
0.0;0.0;22.2448468208313
0.0;0.0;22.260473489761353
0.0;0.0;22.277885913848877
0.0;0.0;22.288999319076538
0.0;0.0;22.30217170715332
0.0;0.0;22.3081955909729
0.0;0.0;22.324342489242554
0.0;0.0;22.334535121917725
0.0;0.0;22.351200342178345
0.0;0.0;22.36479377746582
0.0;0.0;22.37482523918152
0.0;0.0;22.38052487373352
0.0;0.0;22.38052487373352
0.0;0.0;22.39620065689087
0.0;0.0;22.4118914604187
0.0;0.0;22.4118914604187
0.0;0.0;22.427534580230713
0.0;0.0;22.427534580230713
0.0;0.0;22.443161964416504
0.0;0.0;22.45923352241516
0.0;0.0;22.45923352241516
0.0;0.0;22.477296352386475
0.0;0.0;22.493173122406006
0.0;0.0;22.49803590774536
0.0;0.0;22.507063388824463
0.0;0.0;22.522704601287842
0.0;0.0;22.538328409194946
0.0;0.0;22.549330949783325
0.0;0.0;22.557024478912354
0.0;0.0;22.565720796585083
0.0;0.0;22.575440168380737
0.0;0.0;22.585453510284424
0.0;0.0;22.596712112426758
0.0;0.0;22.60138440132141
0.0;0.0;22.61362886428833
0.0;0.0;22.617474794387817
0.0;0.0;22.63354992866516
0.0;0.0;22.65051555633545
0.0;0.0;22.662818670272827
0.0;0.0;22.67543649673462
0.0;0.0;22.6873459815979
0.0;0.0;22.694228410720825
0.0;0.0;22.708948612213135
0.0;0.0;22.72296404838562
0.0;0.0;22.739118099212646
0.0;0.0;22.753997802734375
0.0;0.0;22.784401893615723
0.0;0.0;22.802186727523804
0.0;0.0;22.81969451904297
0.0;0.0;22.84073543548584
0.0;0.0;22.856460571289062
0.0;0.0;22.872171878814697
0.0;0.0;22.888320446014404
0.0;0.0;22.903969526290894
0.0;0.0;22.92151927947998
0.0;0.0;22.935555934906006
0.0;0.0;22.951223611831665
0.0;0.0;22.982911109924316
0.0;0.0;22.998565912246704
0.0;0.0;23.01419186592102
0.0;0.0;23.04545259475708
0.0;0.0;23.056736707687378
0.0;0.0;23.06250810623169
0.0;0.0;23.077351331710815
0.0;0.0;23.092994689941406
0.0;0.0;23.108913898468018
0.0;0.0;23.113908529281616
0.0;0.0;23.125516653060913
0.0;0.0;23.144805192947388
0.0;0.0;23.163681507110596
0.0;0.0;23.17647957801819
0.0;0.0;23.1994571685791
0.0;0.0;23.21351432800293
0.0;0.0;23.236251831054688
0.0;0.0;23.251901149749756
0.0;0.0;23.276556491851807
0.0;0.0;23.28358030319214
0.0;0.0;23.299236297607422
134.0;0.0;23.330486059188843
219.0;0.0;23.346102952957153
157.0;0.0;23.346102952957153
14.0;0.0;23.363159656524658
22.0;0.0;23.380828142166138
155.0;0.0;23.380828142166138
225.0;0.0;23.392882347106934
164.0;0.0;23.41357946395874
33.0;0.0;23.41678500175476
23.0;0.0;23.424293994903564
159.0;0.0;23.424293994903564
242.0;0.0;23.439934730529785
178.0;0.0;23.45555830001831
41.0;0.0;23.45555830001831
44.0;0.0;23.471184968948364
170.0;0.0;23.476855754852295
245.0;0.0;23.487992763519287
178.0;0.0;23.487992763519287
42.0;0.0;23.502713918685913
44.0;0.0;23.502713918685913
182.0;0.0;23.519569396972656
259.0;0.0;23.534921407699585
193.0;0.0;23.550233602523804
63.0;0.0;23.565985441207886
58.0;0.0;23.583457231521606
187.0;0.0;23.597867012023926
265.0;0.0;23.615302801132202
194.0;0.0;23.637359857559204
62.0;0.0;23.64936876296997
65.0;0.0;23.66854763031006
200.0;0.0;23.68753433227539
265.0;0.0;23.698802709579468
201.0;0.0;23.718846082687378
68.0;0.0;23.73769497871399
70.0;0.0;23.76419234275818
204.0;0.0;23.783938884735107
282.0;0.0;23.798179388046265
207.0;0.0;23.817652225494385
83.0;0.0;23.828219175338745
81.0;0.0;23.841426610946655
209.0;0.0;23.866891622543335
275.0;0.0;23.885712146759033
208.0;0.0;23.90195608139038
74.0;0.0;23.919715881347656
79.0;0.0;23.935293912887573
220.0;0.0;23.947436094284058
292.0;0.0;23.96601939201355
219.0;0.0;23.994677543640137
86.0;0.0;24.012330293655396
96.0;0.0;24.028443813323975
220.0;0.0;24.044866800308228
288.0;0.0;24.064788818359375
220.0;0.0;24.078136205673218
93.0;0.0;24.100074529647827
91.0;0.0;24.116786241531372
226.0;0.0;24.13737940788269
299.0;0.0;24.153581857681274
224.0;0.0;24.178428173065186
86.0;0.0;24.185035705566406
98.0;0.0;24.202924966812134
236.0;0.0;24.23299551010132
304.0;0.0;24.249910831451416
233.0;0.0;24.264432668685913
105.0;0.0;24.281928777694702
110.0;0.0;24.2964506149292
235.0;0.0;24.312129974365234
304.0;0.0;24.339902877807617
231.0;0.0;24.357487201690674
105.0;0.0;24.377946615219116
112.0;0.0;24.395984411239624
246.0;0.0;24.427485942840576
316.0;0.0;24.44788885116577
241.0;0.0;24.455414056777954
103.0;0.0;24.478097200393677
120.0;0.0;24.502782106399536
251.0;0.0;24.518401861190796
312.0;0.0;24.518401861190796
235.0;0.0;24.534018993377686
91.0;0.0;24.534018993377686
160.0;0.0;24.549643993377686
319.0;0.0;24.549643993377686
248.0;0.0;24.56527042388916
82.0;0.0;24.569923877716064
154.0;0.0;24.581671237945557
316.0;0.0;24.581671237945557
256.0;0.0;24.603553533554077
82.0;0.0;24.6120662689209
142.0;0.0;24.614821672439575
305.0;0.0;24.627896547317505
264.0;0.0;24.647155046463013
102.0;0.0;24.66609835624695
180.0;0.0;24.684179544448853
326.0;0.0;24.699731588363647
236.0;0.0;24.699731588363647
91.0;0.0;24.716769456863403
169.0;0.0;24.731292009353638
309.0;0.0;24.746943712234497
237.0;0.0;24.767250061035156
87.0;0.0;24.77865171432495
168.0;0.0;24.77865171432495
316.0;0.0;24.79832124710083
248.0;0.0;24.81036949157715
101.0;0.0;24.81036949157715
196.0;0.0;24.828981161117554
332.0;0.0;24.828981161117554
222.0;0.0;24.85031533241272
95.0;0.0;24.861804008483887
196.0;0.0;24.867529153823853
324.0;0.0;24.87859272956848
232.0;0.0;24.886130571365356
89.0;0.0;24.898274183273315
189.0;0.0;24.900404930114746
329.0;0.0;24.906455993652344
241.0;0.0;24.906455993652344
101.0;0.0;24.922143697738647
216.0;0.0;24.922143697738647
339.0;0.0;24.937923908233643
213.0;0.0;24.944071769714355
105.0;0.0;24.9536292552948
247.0;0.0;24.957140922546387
337.0;0.0;24.969441890716553
180.0;0.0;24.969441890716553
99.0;0.0;24.98549485206604
241.0;0.0;24.991408109664917
345.0;0.0;25.000849723815918
192.0;0.0;25.000849723815918
103.0;0.0;25.01824450492859
279.0;0.0;25.032312393188477
330.0;0.0;25.032312393188477
166.0;0.0;25.04800033569336
129.0;0.0;25.051701068878174
298.0;0.0;25.058348894119263
322.0;0.0;25.064876079559326
145.0;0.0;25.079907417297363
147.0;0.0;25.079907417297363
328.0;0.0;25.095776081085205
299.0;0.0;25.095776081085205
127.0;0.0;25.111420154571533
182.0;0.0;25.12704372406006
335.0;0.0;25.12704372406006
274.0;0.0;25.142672538757324
108.0;0.0;25.15829610824585
221.0;0.0;25.1789448261261
345.0;0.0;25.190887451171875
243.0;0.0;25.19748592376709
111.0;0.0;25.205997467041016
250.0;0.0;25.205997467041016
352.0;0.0;25.22163677215576
214.0;0.0;25.22163677215576
112.0;0.0;25.237261533737183
280.0;0.0;25.237261533737183
352.0;0.0;25.257310390472412
186.0;0.0;25.257310390472412
133.0;0.0;25.269019842147827
309.0;0.0;25.28623938560486
335.0;0.0;25.294114112854004
153.0;0.0;25.30062699317932
153.0;0.0;25.3141450881958
322.0;0.0;25.316145658493042
309.0;0.0;25.331934690475464
129.0;0.0;25.337246417999268
187.0;0.0;25.34906506538391
350.0;0.0;25.351784467697144
282.0;0.0;25.36576199531555
119.0;0.0;25.371286869049072
222.0;0.0;25.38075089454651
349.0;0.0;25.38075089454651
258.0;0.0;25.397753477096558
117.0;0.0;25.41127872467041
246.0;0.0;25.41127872467041
354.0;0.0;25.427029132843018
228.0;0.0;25.43116593360901
116.0;0.0;25.44778037071228
281.0;0.0;25.45042061805725
357.0;0.0;25.458435773849487
200.0;0.0;25.47408127784729
129.0;0.0;25.48179578781128
310.0;0.0;25.491961002349854
344.0;0.0;25.500295162200928
163.0;0.0;25.505699396133423
156.0;0.0;25.505699396133423
327.0;0.0;25.52134132385254
324.0;0.0;25.536967992782593
145.0;0.0;25.536967992782593
177.0;0.0;25.552589893341064
337.0;0.0;25.552589893341064
300.0;0.0;25.568647861480713
130.0;0.0;25.579545736312866
206.0;0.0;25.583932399749756
356.0;0.0;25.583932399749756
268.0;0.0;25.60003662109375
119.0;0.0;25.61565136909485
238.0;0.0;25.620513677597046
348.0;0.0;25.631579875946045
228.0;0.0;25.637967348098755
113.0;0.0;25.649455547332764
259.0;0.0;25.660539150238037
347.0;0.0;25.66313338279724
193.0;0.0;25.6797935962677
112.0;0.0;25.6797935962677
285.0;0.0;25.69480800628662
333.0;0.0;25.69480800628662
163.0;0.0;25.710460662841797
139.0;0.0;25.726076126098633
317.0;0.0;25.729119062423706
321.0;0.0;25.742130994796753
134.0;0.0;25.748077154159546
164.0;0.0;25.75810956954956
335.0;0.0;25.76978302001953
293.0;0.0;25.779666900634766
120.0;0.0;25.790987491607666
198.0;0.0;25.798202753067017
350.0;0.0;25.806549787521362
266.0;0.0;25.816789865493774
119.0;0.0;25.82286238670349
226.0;0.0;25.837533473968506
349.0;0.0;25.837533473968506
240.0;0.0;25.853175401687622
115.0;0.0;25.853175401687622
258.0;0.0;25.868805646896362
349.0;0.0;25.884840488433838
207.0;0.0;25.884840488433838
112.0;0.0;25.900482892990112
288.0;0.0;25.900482892990112
342.0;0.0;25.916109800338745
180.0;0.0;25.93173360824585
133.0;0.0;25.93173360824585
315.0;0.0;25.947355031967163
331.0;0.0;25.947355031967163
145.0;0.0;25.962982654571533
164.0;0.0;25.966638326644897
329.0;0.0;25.979852437973022
306.0;0.0;25.979852437973022
135.0;0.0;25.996121883392334
195.0;0.0;25.996121883392334
351.0;0.0;26.01064419746399
282.0;0.0;26.02628993988037
134.0;0.0;26.028863668441772
234.0;0.0;26.042377471923828
366.0;0.0;26.042377471923828
257.0;0.0;26.058018445968628
135.0;0.0;26.058018445968628
264.0;0.0;26.080161333084106
371.0;0.0;26.092506408691406
233.0;0.0;26.092506408691406
138.0;0.0;26.105573177337646
301.0;0.0;26.105573177337646
377.0;0.0;26.122958421707153
208.0;0.0;26.13817858695984
153.0;0.0;26.14166831970215
327.0;0.0;26.154862642288208
355.0;0.0;26.15878701210022
175.0;0.0;26.170130252838135
175.0;0.0;26.184247493743896
355.0;0.0;26.200345754623413
342.0;0.0;26.200345754623413
161.0;0.0;26.220295906066895
210.0;0.0;26.233827590942383
369.0;0.0;26.23985719680786
317.0;0.0;26.249086141586304
148.0;0.0;26.269947052001953
244.0;0.0;26.280835151672363
385.0;0.0;26.28353762626648
294.0;0.0;26.29510736465454
154.0;0.0;26.31075167655945
276.0;0.0;26.327070951461792
390.0;0.0;26.337138891220093
260.0;0.0;26.34215521812439
157.0;0.0;26.35780143737793
306.0;0.0;26.37342929840088
391.0;0.0;26.380446434020996
232.0;0.0;26.391390800476074
168.0;0.0;26.407345056533813
333.0;0.0;26.421432733535767
380.0;0.0;26.421432733535767
198.0;0.0;26.43817639350891
187.0;0.0;26.452543258666992
363.0;0.0;26.452543258666992
352.0;0.0;26.47005581855774
184.0;0.0;26.48582696914673
211.0;0.0;26.49984121322632
373.0;0.0;26.49984121322632
326.0;0.0;26.52575922012329
158.0;0.0;26.537282466888428
238.0;0.0;26.548365354537964
374.0;0.0;26.562949657440186
291.0;0.0;26.58397364616394
143.0;0.0;26.5945086479187
266.0;0.0;26.613642692565918
375.0;0.0;26.626275300979614
259.0;0.0;26.65056347846985
139.0;0.0;26.667511701583862
288.0;0.0;26.683354139328003
375.0;0.0;26.712554693222046
220.0;0.0;26.728171825408936
136.0;0.0;26.74379801750183
308.0;0.0;26.759450912475586
361.0;0.0;26.791085481643677
187.0;0.0;26.806753635406494
156.0;0.0;26.808794260025024
339.0;0.0;26.82281494140625
344.0;0.0;26.830873489379883
158.0;0.0;26.844677925109863
174.0;0.0;26.8549222946167
349.0;0.0;26.858161211013794
315.0;0.0;26.87067151069641
141.0;0.0;26.881691217422485
205.0;0.0;26.88670063018799
363.0;0.0;26.88670063018799
286.0;0.0;26.902342796325684
123.0;0.0;26.920355319976807
232.0;0.0;26.920355319976807
360.0;0.0;26.933992385864258
133.0;0.0;26.94984269142151
0.0;0.0;26.96031618118286
159.0;0.0;26.972297191619873
580.0;0.0;26.98432445526123
435.0;0.0;26.986474990844727
47.0;0.0;27.004714488983154
97.0;0.0;27.015758514404297
247.0;0.0;27.024959802627563
254.0;0.0;27.02864170074463
71.0;0.0;27.045737743377686
50.0;0.0;27.061496019363403
200.0;0.0;27.061496019363403
279.0;0.0;27.08220648765564
103.0;0.0;27.093111515045166
44.0;0.0;27.10713267326355
191.0;0.0;27.140799522399902
284.0;0.0;27.16046905517578
110.0;0.0;27.18252730369568
41.0;0.0;27.2059588432312
185.0;0.0;27.217785358428955
280.0;0.0;27.25122570991516
125.0;0.0;27.266653776168823
33.0;0.0;27.29068160057068
180.0;0.0;27.319684743881226
270.0;0.0;27.33238172531128
128.0;0.0;27.36556053161621
27.0;0.0;27.387031078338623
